"","name","genus","vore","order","conservation","sleep_total","sleep_rem","sleep_cycle","awake","brainwt","bodywt"
"1","Eastern american chipmunk","Tamias","herbi","Rodentia",NA,15.8,NA,NA,8.2,NA,0.112
"2","Brazilian tapir","Tapirus","herbi","Perissodactyla","vu",4.4,1,0.9,19.6,0.169,207.501
"3","Tenrec","Tenrec","omni","Afrosoricida",NA,15.6,2.3,NA,8.4,0.0026,0.9
"4","Tree shrew","Tupaia","omni","Scandentia",NA,8.9,2.6,0.233333333,15.1,0.0025,0.104
"5","Bottle-nosed dolphin","Tursiops","carni","Cetacea",NA,5.2,NA,NA,18.8,NA,173.33
"6","Genet","Genetta","carni","Carnivora",NA,6.3,1.3,NA,17.7,0.0175,2
"7","Arctic fox","Vulpes","carni","Carnivora",NA,12.5,NA,NA,11.5,0.0445,3.38
"8","Red fox","Vulpes","carni","Carnivora",NA,9.8,2.4,0.35,14.2,0.0504,4.23
"9",NA,NA,NA,NA,NA,NA,NA,NA,NA,NA,NA
